Gene,NAIP2C1,NAIP2,NEUROG2,NA,CTL,PSC
TUBA1A,616508.683,151241.1224,387734.9047,487458.4902,69527.64139,13670.53457
ACTB,264011.5579,493434.8925,239261.8114,210143.3252,330026.4927,292957.6668
ACTG1,253521.1335,392742.5512,195667.647,185479.4597,270225.4969,166403.4448
EEF1A1,233755.7212,435242.5924,236185.5166,165883.0016,509114.3964,332155.3901
CRABP1,229107.5671,40400.4369,131106.4721,141426.6334,4273.361239,4064.81896
RNR2,211559.2109,165121.2308,147465.0155,143216.1868,173447.3877,596808.1166
NEFM,197284.6435,21829.43871,81759.92312,163851.62,1416.493494,2187.271412
TUBB3,187889.5685,36522.8597,125570.301,142571.6019,7188.663816,7717.791641
MAP1B,187285.5985,62494.72059,137204.2813,199597.3954,28218.69747,19744.99406
NEFL,180400.45,22728.56472,60413.23895,131514.7576,623.6028496,1874.081519
STMN2,153235.5626,24856.3747,100489.014,134200.7122,5058.293405,241.0584397
EIF4G2,130218.7131,87133.5223,94544.93419,116615.7263,68266.8763,66536.18346
EEF2,126773.2122,143082.4232,105116.1516,81858.61783,147498.3376,149857.1505
DPYSL3,126091.1363,29898.92152,97189.88513,113954.6088,23529.03577,30682.40377
GNAS,120091.8819,85572.54093,113079.3519,115839.0159,52460.67721,38538.4821
INA,113293.8673,16722.02612,76426.95621,105500.6105,2516.408545,833.4239241
DCX,98992.13977,12272.33624,64120.8102,103219.4125,136.6211266,224.2484497
ADAM11,96784.53863,10117.63215,5209.517665,4168.824229,580.7179813,208.1678858
TMSB4X,96015.13854,101947.692,75842.47196,82608.26809,54496.26834,22034.34802
GAPDH,92920.95108,98016.12265,78233.78027,77568.04985,91905.54077,171955.3258
ISLR2,83012.61677,10018.31834,54808.41243,78158.56467,23.30042087,2.954378286
DYNC1H1,81004.94467,34654.96516,59492.48756,84174.81518,26630.67788,26325.42443
HSP90AA1,77558.77915,74325.81296,65596.23465,73222.90957,53693.32906,104728.3864
KIF1A,72053.22757,40091.69631,62401.57087,85209.48169,22881.8669,17395.37946
TMSB10,71334.47306,55864.4606,49092.0982,59061.3258,34837.98008,6613.141142
STMN1,70501.07408,27199.58021,62814.57972,74791.64281,20366.63288,22201.71284
C14orf132,69263.98881,7264.886171,25003.80039,25929.65017,1512.683878,2134.328403
YWHAZ,67760.20896,61256.71446,56403.25457,58268.03034,46462.2858,37672.72831
TUBB2B,67415.22693,23982.15945,47934.79572,60244.62794,11959.33572,11236.23286
KIF5C,65738.30187,12146.60784,48713.05785,63654.22943,5590.797524,2974.451907
UBA1,65653.22426,40815.42095,53795.78976,57558.27745,39604.64369,43995.85511
APLP1,65165.15201,11610.13955,36376.33917,53606.16271,6358.003344,651.2642849
DCTN1,64693.87196,18843.07955,44781.4289,58789.03242,11376.81581,9836.064363
MAP2,64592.02335,15996.96486,62265.1775,73187.75196,15505.74194,480.6283914
CNTN2,63855.40066,10196.12238,111213.1866,99520.73275,2518.111383,344.3076057
SCD,63741.35956,100025.2012,74078.25659,71300.75104,118687.0744,82941.23305
GAP43,63476.38581,9223.02832,41169.31029,61890.06373,2040.367513,380.298716
YWHAG,63334.27839,28124.15664,41175.73499,56024.06587,23079.29328,12821.00932
TMEM132A,63014.41095,13708.00153,24351.72804,33120.11908,5167.977626,3499.476485
CD24,61706.95467,19808.46475,42849.41414,49062.2648,17491.62526,67156.43104
FASN,61531.0969,68254.9142,57830.00794,51841.11191,85231.87572,61831.56516
PSAP,61451.55403,37526.67328,40865.65636,50680.18861,45371.26551,23137.59469
ATP1A3,60281.01517,8103.82387,32370.29769,52822.02283,283.221905,1467.459084
SEZ6L,60250.11988,7491.132772,12727.64366,15017.785,117.6538686,161.9115234
CALM2,60178.56254,38047.81756,41109.94407,44923.2171,42628.05614,19429.37892
RTN4,59336.27652,22772.61217,37582.45068,52170.1083,13894.49935,12123.65155
CRABP2,59097.40671,22166.95472,23689.65303,20760.45724,12707.12605,2513.668699
MLLT11,58889.14943,16643.59594,46505.47581,62440.40351,6558.212353,2130.250831
MAGED1,57477.87668,29385.28559,42553.05015,49407.07221,35295.62309,10062.09409
MARCKSL1,57389.61974,32885.52957,56484.21022,59291.98088,29224.46661,25099.08911
L1CAM,55642.49986,10877.58493,26152.93055,54140.68228,812.4405741,1240.389769
DST,54888.10042,12191.12158,31366.32226,50444.58954,8604.471649,17588.1718
HSPA8,54515.72116,74996.1789,41480.37041,51521.16769,55403.49951,131400.5976
NES,53998.00695,134998.3648,66342.0737,65660.50586,81656.80666,11293.3177
P2RX3,53315.49599,4788.737221,23916.76532,31498.07896,16.453471,39.69059893
CALM3,52466.95181,24047.88317,36836.97651,44240.73646,17800.00716,10131.29965
NREP,51440.36456,11693.10883,38998.21231,48804.8969,6761.041187,9650.368723
CCNI,50993.11471,23178.11615,34038.02534,41999.878,21651.73743,20312.30812
VAT1,50655.80443,24381.98712,32958.53001,41114.82736,19048.75207,11167.51538
NCAM1,50385.52418,7848.991207,32399.68475,48084.14177,1092.729887,286.8710692
ANK2,50295.72475,8610.157934,25197.6403,46457.46463,5019.663953,2819.35672
NDRG4,49998.06119,7095.05364,27873.79599,39540.76517,1635.362686,1037.439424
TUBA1B,49809.52705,87248.88003,48450.51783,42971.03559,64674.09104,51807.18425
CHD4,49304.70251,29443.11405,35303.92425,42516.36804,31083.0891,23540.22594
CASP3,49253.2655,9674.777287,19998.94698,22265.4418,2487.370697,4411.685318
APP,48940.30886,37415.75801,34037.97262,53659.97082,36796.3035,16170.65255
CSDE1,48151.40262,39300.94414,37713.85983,43909.74777,34008.32308,36023.41321
ALCAM,47829.19286,10031.78458,7917.65978,18945.32959,4682.462371,2592.456699
UCHL1,46909.65548,23745.32564,31577.54158,44718.2444,11642.93774,16707.32801
USP22,46480.00638,24201.51877,32313.16057,38678.56325,21204.22172,18592.8618
MATR3,46470.78958,32962.02319,43667.02182,46421.89121,25908.66856,47195.50724
GNB1,46465.0264,35573.0891,37937.47237,46027.53142,30491.42538,12119.23227
YBX1,45545.48244,72136.79207,44031.50703,37926.9819,61048.99692,52817.80695
RPL15,45504.78418,50213.59695,40883.83575,30029.29114,53629.42711,47673.48017
PLD3,44797.90901,21898.34073,26727.36518,35224.51678,14397.13395,8248.185937
ATP5F1B,44579.57511,31892.69167,32655.3314,35841.27051,26747.88194,40603.79197
SERINC1,44224.04884,11034.67985,27172.62483,41210.30499,5677.108355,2479.067755
HSP90AB1,43937.15748,85105.54486,50205.40867,46600.43355,83114.9119,177931.8653
HMGCS1,43703.77339,33162.65251,33448.26484,34409.61278,33261.14424,19182.39792
DDX5,42800.11226,23069.9427,40734.7903,39755.70021,22211.35768,26649.45316
SOX4,42632.76208,13803.82189,26033.75693,31728.27493,6922.140537,15877.92735
GDI1,42336.21942,15956.66514,35810.34097,42976.05533,11859.8095,3907.410521
ONECUT2,42247.21581,5199.04735,39707.20664,55074.8649,43.26739733,185.0628023
PEG10,42198.47933,26649.96141,34093.67679,58035.15486,21458.16118,9183.362644
SPTAN1,42008.80628,28133.65345,29931.63021,47408.46614,25195.60213,13410.18275
BASP1,41690.86636,19822.95272,36855.11774,41271.85004,13403.68834,3122.140347
MARCKS,41406.17646,21295.66918,40250.53999,38845.97967,16582.0519,15829.79838
UBC,40958.66687,33942.59161,34648.79843,36304.00111,28073.44687,12264.51769
RPL3,40545.20875,72391.28036,43433.79284,26493.5582,89448.96244,96988.55202
SNCG,40291.2927,5681.236303,19152.40621,24115.11018,76.0624624,226.5991798
YWHAQ,39984.05307,27143.71863,29326.67634,35807.77992,17772.31833,22288.4766
RTN1,39590.7292,5202.320856,25566.13202,37408.11181,369.6805562,167.7393756
DBN1,39561.81506,30935.54645,37336.76249,35495.41724,27688.39554,16170.4829
KLC1,39055.84864,11367.84344,33447.91517,38771.64269,6366.699048,4770.61367
SYT11,38883.00519,13483.17417,31624.4414,44197.86123,8281.500993,1521.568429
MYL6,38847.64037,50479.01844,40338.62518,43328.64294,30546.33353,11883.33221
RPS4X,38759.13522,48090.59976,36419.50258,29441.69202,53798.32673,47841.86594
PFN2,38590.99196,22742.97074,25804.84499,23226.30159,21387.65648,8141.861527
AP2B1,38550.46121,22633.6369,27093.72611,37880.917,19182.02873,8546.236539
FTL,38479.48999,123253.0532,32824.80816,32687.77188,71483.53283,34182.84503
ELAVL3,38221.25321,5584.058435,35043.24732,40572.34684,134.4961968,83.4678273
APC2,38083.23969,6284.160413,27759.4691,36749.10292,999.3885573,139.8379937
PTMS,38075.63564,36958.78741,39567.43811,33528.42076,33291.47405,8267.371883
LIN28A,37756.54484,64609.55652,48366.8357,38036.8328,86075.54937,58523.92805
MORF4L2,37663.97217,28251.88924,33340.75925,38038.90794,26401.03586,25704.48716
HNRNPK,37658.39302,39828.96961,39335.26325,35052.46465,34529.62094,36755.19874
SOX11,37480.48338,22679.66671,43165.34785,39109.6711,24945.64319,7037.287664
RIMS3,37375.11806,8155.012137,28976.95917,38684.45739,2867.821024,1899.286491
CNTN1,37181.88553,4617.949933,21183.72954,36493.21214,8.288748704,686.0592101
HMGCR,37068.83429,24663.0131,26134.50778,37061.93076,29044.28959,23746.39382
DPYSL2,37009.06071,11133.45491,26072.40613,36759.38599,5997.956986,13635.45646
H3-3B,36966.83781,23566.35191,32871.14971,34815.99027,23313.17952,18366.38368
EBF3,36731.61354,4690.590858,29346.97014,31530.45036,49.38206519,24.68104963
MAPRE2,36681.41168,7138.176497,14519.91036,20465.42319,3188.820972,3205.474017
RPL4,36656.41963,77723.78618,42711.71374,26538.20396,91409.84524,93325.63296
TTC3,36564.90565,13437.77054,22966.35457,33404.32726,12522.38068,4468.563953
RPS2,36296.8975,100088.1971,48286.31125,25568.90749,95312.19547,65625.33593
SMARCA4,36051.40428,24635.8089,34049.68968,34206.27327,27013.91143,23674.18596
EEF1G,35895.25884,54900.94059,32895.62821,20086.90616,66675.34014,46700.33456
CPE,35792.17131,13154.83456,21576.96229,24761.88361,4267.676385,885.1795905
SCRN1,35258.67099,19811.20528,25363.69782,42827.36333,12906.00432,4574.233448
MAP1A,34982.82261,8254.781946,20479.11239,27868.85216,4533.838163,382.3886907
PCBP4,34606.61355,10117.53343,37036.06989,40691.20862,3301.550451,800.0390475
CADM1,34363.86946,12868.3728,11184.79581,17040.83707,7824.859799,1119.758548
FSCN1,33813.79611,36804.30697,33289.60899,32700.74619,22034.4031,9461.423227
VAT1L,33415.12934,13611.37851,5737.899354,12266.35966,13614.62857,3276.882744
PTMA,33379.07781,43271.58593,36604.83947,29552.36255,53123.08392,59003.99925
CELF3,32468.69762,5070.090705,29529.98173,33267.81058,361.6674697,31.10460061
NORAD,32400.52061,14621.32147,22968.62755,33451.20984,15834.53247,8586.45792
TTYH3,32326.70682,22198.48642,25729.70172,25956.76069,27314.80086,10480.98949
SREBF2,32320.88279,19331.01378,25136.00898,30668.13329,18618.51227,13120.43874
KIF1B,32259.91538,10777.24487,23318.36663,34699.75559,7417.158978,9728.770044
ADD2,32226.05439,6322.389738,18532.83399,22802.74511,3269.247812,10969.58883
FGF13,32054.66218,7581.637135,19148.0781,14800.13305,2924.439385,3249.775936
RPL13A,31779.3858,63899.61005,42328.96261,21802.56784,86090.26751,69614.63178
DPYSL5,31475.62071,14818.98089,27290.23107,34660.63671,8878.15906,840.6018924
KIDINS220,31448.70122,7867.630172,22281.12713,33090.1738,4229.339931,3463.567046
ONECUT3,31336.26769,4261.389848,19890.02003,25466.56251,4.146261532,5.507199779
TPT1,31295.2104,53354.59366,37610.78614,25586.68714,54737.52225,53552.40338
SDK1,31287.48057,4993.076442,5885.51492,9260.736579,764.2379169,801.1759432
GNG2,31223.21106,4954.116715,19152.67675,29287.10487,1564.983628,927.5789785
CFL1,31204.32749,31121.42581,26685.93541,29943.33715,23025.6655,20445.07395
SPTBN1,31181.51423,21809.03639,18878.23369,32351.83505,14704.55563,19734.01795
TP53I11,31063.84503,14737.938,31428.36316,25454.11025,16234.9813,2854.717745
USP11,30828.24064,15442.90207,23108.00465,26221.76082,15030.49467,10730.35493
TAGLN3,30795.40832,5575.849036,29144.98998,27471.63476,631.2984827,63.44148877
CRMP1,30778.85833,7997.078284,26806.9257,34435.27952,3382.461039,3115.483782
PTPRS,30770.74793,15049.65739,35864.46091,32291.46293,20420.33559,6242.470034
CALM1,30653.95513,20674.90595,32256.20644,44851.29547,20859.01381,16897.7705
RPLP0,30604.93167,72432.53058,38687.6964,20802.83918,67866.73703,72997.2875
FADS2,30563.09728,38326.85759,32231.62022,33493.59549,33439.19616,19721.49117
PKM,30393.0491,80096.01962,39817.52453,27156.41061,99190.78155,65622.36527
RPL13,30178.93141,50046.36694,30436.26409,18807.87672,58267.61313,40237.80889
TUBB2A,30178.09521,14593.47463,19740.38037,30028.19665,10663.7363,3421.514643
SYT1,29926.95826,6797.53305,17439.62112,23713.38219,3057.627191,1838.399092
CDK16,29754.10973,19585.48314,21101.72243,25259.78088,18055.23189,9282.524646
EIF1,29364.29252,23775.68574,21355.33668,26785.19976,15955.14801,11446.9185
CLTC,29250.5928,21399.74903,24764.47934,31319.28301,21144.57691,31002.49449
MDGA1,29206.21875,4159.969252,33418.9902,44741.36583,825.7816705,36.73622064
MAP4K4,29159.24343,20835.98113,30037.27983,37487.99043,16321.55562,10857.78137
RPL8,29125.43873,54967.84969,27129.21952,18130.34269,49900.70535,54308.48209
ATP5F1A,29121.96957,20801.289,22100.5087,23798.05114,18054.42191,37513.1957
PCBP2,29084.19045,24986.21328,24840.90246,23952.24808,27087.38924,22298.74658
CBX5,28853.82706,28740.50122,31333.7113,40300.80388,29164.3936,36461.13161
ATXN7L3B,28766.89719,10828.30517,21160.34231,26175.05953,10271.05324,4718.013626
SDC3,28635.91601,9808.688561,20395.78315,28017.18597,6627.965139,2003.036911
IGFBPL1,28525.01328,7753.538787,47518.71045,52027.91438,7454.246319,3117.921633
MIAT,28490.78866,6183.983276,47198.80421,29782.94461,8049.750758,4761.287438
HUWE1,28345.89098,20857.65147,23376.78629,31801.93258,21845.97782,27301.47906
PRRC2B,28218.12618,19467.51508,22343.74219,29152.93334,21527.88702,7248.837424
HNRNPA2B1,28160.22994,41442.7374,36305.3078,29143.67336,35626.83116,63986.37261
SEZ6L2,28062.64792,6361.768963,20250.02818,25353.8254,4331.621355,2917.316052
RPS3A,27907.97687,45247.67374,28048.47883,16581.34493,48299.1409,33537.86494
DYNLL2,27707.62528,12670.16837,18548.2625,27335.65797,12428.34204,3015.306306
EIF4A2,27659.40379,16293.16219,21539.08783,22333.41928,24967.94428,22223.51614
CAPRIN1,27651.25901,21788.18375,22693.58028,22585.76575,21127.2126,24939.01894
G3BP2,27545.97259,18894.45087,21908.47239,25325.88409,18888.30756,21731.95906
DHCR24,27505.80156,22530.44731,21314.75879,27463.29445,20716.24673,39956.5879
RTN3,27367.77642,11177.80544,22358.22826,29682.41435,9431.225981,11578.98327
CTNNB1,27349.51021,30163.19051,29435.88905,22735.77472,24234.36771,22961.21319
PMEL,27310.49759,12845.06389,32891.80788,34992.54207,25218.8557,3503.138566
H3-3A,26651.82206,18238.6823,22172.72217,21436.1371,16698.35847,11011.78958
STMN3,26465.61469,4117.514326,19232.25302,22175.22294,192.9589656,3085.398375
KIF21B,26448.10488,5148.87494,24500.15638,31869.59233,1266.488207,2795.418191
NR6A1,26116.20098,12883.8932,18308.46063,21122.11397,14287.75557,15524.47595
ENO2,26087.67219,6541.157609,18667.56465,28632.61159,5957.202495,5581.606827
KIF5A,26037.04911,3524.024683,16773.58927,27565.71953,516.5836151,899.8928892
SNN,25872.24308,7197.035635,23635.65165,28025.45793,5147.113393,2834.439261
XPR1,25847.16545,7347.785393,18969.04643,28652.16397,5098.629126,3387.711613
ROBO2,25813.5188,3842.383484,14216.90523,25524.07383,420.2258937,505.9751116
HNRNPU,25724.94463,32664.65341,25518.99081,23399.58841,30594.2698,49271.82145
FTH1,25693.76676,26548.5524,18977.76363,24909.60215,31803.05418,10436.38149
NGFR,25612.82703,6332.23706,6235.998151,9154.273556,6205.011624,622.6066101
KIF3C,25592.7626,6278.646479,15050.35631,24844.2713,3030.627995,2830.790291
UBB,25377.32743,23921.60685,25530.21051,24084.87184,21735.33986,16155.02231
ILF3,25359.94595,34593.17808,28766.03123,24934.87549,36825.81432,39358.68221
SHISA6,25346.39738,2392.55347,6036.810018,10856.89359,711.5757908,126.9712239
TMEM132E,25121.11867,3359.769504,6324.900348,11901.58047,11.37334865,23.83711766
ISL1,25114.09872,3196.003204,2232.342951,4546.712329,1.68952914,13.92404728
YWHAB,25109.70241,17627.58786,19419.61053,24428.12599,12755.74986,19825.8169
ACLY,24937.31713,27482.40052,26006.55164,26295.11256,27365.66096,33599.84095
CLASP2,24864.71729,6942.308862,18294.26151,29285.67718,3569.34868,4044.240545
LRP1,24680.08219,27759.56203,19627.01679,24590.80788,23826.59258,14516.63578
NHLH1,24333.71691,4260.645699,27818.97226,29226.02926,18.03929751,21.4666482
CADPS,24239.60672,2995.91371,15751.80224,23494.59824,395.7750403,512.35186
MYH10,24194.66118,49617.7709,27056.60929,29465.7232,31710.72329,33391.7093
SLC38A1,24182.76065,17597.32256,22973.47414,28674.82287,12567.61997,26517.27361
AKAP6,24153.15614,3229.04247,13553.12318,20485.24232,177.8540753,62.59364462
APLP2,24132.60634,43650.0208,18852.57415,21286.97606,39357.85241,22183.68453
SRRM2,23879.89589,28803.70782,33871.51019,28577.40847,39517.01685,32089.7597
GREB1L,23772.32264,12364.55927,28232.78745,29211.60952,10599.73651,148.4957324
SPTBN2,23766.91787,8451.863885,21246.06158,25951.02997,6136.282493,3816.04684
MAP2K6,23742.91045,2789.011344,7730.474682,8873.364246,1547.166622,5713.704237
HNRNPA1,23733.35568,50289.42142,38012.35598,20086.08287,57415.45499,54615.53389
MPRIP,23536.33114,15196.94223,18643.74741,22024.19084,10090.70397,5881.646921
RACK1,23444.9076,37634.1597,21893.91413,15667.36072,38242.33183,52366.5325
PBX1,23443.9552,7051.921944,24899.75752,28410.07245,5091.73579,14080.59184
RPL6,23378.70539,40767.79017,26597.14555,16367.48664,49464.66473,33027.12399
ZMIZ1,23223.80913,8230.597101,17936.66723,23065.21196,5373.851785,3012.343155
PPIA,22853.13585,34414.47111,24760.92657,24512.27052,26339.25707,27795.97404
RNR1,22731.05862,11621.19416,18426.4537,14131.60918,11122.5437,138351.8686
BEX3,22509.47526,15128.33629,16271.98444,18664.12851,17268.62081,12145.88891
ITM2C,22411.00978,12560.6236,12437.20861,10999.62218,9482.110621,14296.59072
MACF1,22294.26885,38712.95111,23336.59605,26970.50196,41100.48003,24632.41298
TLCD3B,22224.91224,3892.652669,16903.57221,17506.16338,1832.901361,813.8209003
SEMA6D,22222.81954,2575.014419,14187.92425,18196.17374,912.6574687,310.5652955
IDS,22033.41518,9085.482823,13683.81579,24632.03277,7804.732189,2257.903838
MYO5A,22022.90714,4964.090235,14076.29635,21204.18631,2220.126042,4040.073457
ZIC2,22000.49093,8235.817436,13559.5749,7483.985426,38403.76601,12937.09714
SET,21946.17496,37498.76699,25990.25766,23577.91427,36943.24377,58467.36873
RUFY3,21909.75747,5992.443818,17071.55215,22234.97733,3346.553053,2384.235901
PAFAH1B1,21882.45474,12401.37356,18327.63223,23293.44238,11170.32908,6904.463739
HSBP1,21849.73685,11130.2272,14071.8453,17199.07745,8784.159777,6630.106972
NCAN,21658.1927,3405.37924,11985.24358,9807.935534,1030.766716,207.4095028
HDAC2,21597.40645,19660.05011,18980.74319,18683.07273,17711.47264,22523.13456
RPL5,21574.12725,40655.0599,24931.83675,14524.82159,45245.06268,52400.36789
TUBB4A,21539.90272,2528.026405,14637.1487,21877.32152,193.2732919,1304.497608
ATP2A2,21522.09605,20532.22443,18453.22486,21108.28191,19203.46588,18365.28355
CKB,21508.04694,16875.30862,18852.85403,20553.19338,5334.529696,13208.29218
NONO,21465.88441,26322.02873,26323.82649,21204.96487,27441.97781,31000.75473
ARID3B,21453.83932,12366.12716,16129.07799,16844.2153,10385.89123,6980.50199
BSG,21291.03393,35210.38174,24625.44766,18859.05737,38213.74046,30189.40209
ACSL4,21204.64689,12656.45112,20694.61704,21058.3364,10401.85429,11900.65411
SPOCK2,21191.86102,3303.270662,14541.13131,17721.98421,229.8402677,114.0582409
MAP6,21177.63123,4534.186214,23160.07588,31392.65709,3316.76913,235.5446303
CASK,21171.66461,10276.29199,19944.77723,26306.24771,8419.836491,8509.993263
ARID1A,21149.64316,15076.10727,17994.94835,19504.45177,14866.65628,14255.65338
RPSA,21140.48632,49845.47769,26248.28672,17708.30122,49829.66502,39739.26051
CPLX2,21082.38127,2801.528215,16247.30443,23763.55108,18.06087884,100.5457183
HNRNPA0,20935.98052,21190.7157,20639.00133,19080.55904,20107.16831,14848.80819
ATCAY,20923.10215,5029.783869,16729.44419,23944.93276,5127.02782,3156.373013
FNBP1L,20907.84909,8066.291419,14965.9821,20165.17785,6496.416154,9436.506836
LINGO1,20904.42057,4717.454988,20092.7627,22393.02397,2759.243361,4253.199523
EPB41,20843.55055,8004.68558,27163.0992,27033.81965,7760.999009,5625.740829
TMBIM6,20791.61698,28993.62781,18948.87367,19404.69623,26385.64229,25099.65965
PJA2,20785.60711,8974.378829,11971.53178,18447.7113,6464.644032,4598.365583
AKAP12,20783.53258,45097.57073,14398.59315,24170.07026,26137.99687,11267.00109
SFPQ,20556.45116,32975.30678,28165.93819,17158.59944,32167.23039,35366.33927
ZNF664,20551.45446,11895.6893,18980.50365,22175.66127,11716.07956,2644.826911
EPHB2,20504.47857,5665.26826,13186.28538,14813.88104,2416.938768,1264.917388
NOVA2,20467.45453,4417.123469,16557.81119,18527.27961,1932.995311,1353.657294
DDB1,20457.51942,19014.01208,17324.50972,17606.60714,17604.3823,20241.91589
NUCKS1,20322.80245,40134.06869,24849.60933,19545.17399,41749.89473,53383.65858
CELSR2,20182.51882,9098.584483,27374.11041,19873.11721,8797.189167,2537.610248
PANK3,20100.97258,13268.25661,15159.17049,18974.70207,14453.75974,10973.34325
MORF4L1,20093.67931,16934.28353,19815.2173,20839.07516,16038.29242,19649.05688
PYGB,20052.94826,9435.088521,12384.72612,21935.27561,4470.218261,3720.538383
PABPC1,19910.32654,64300.01647,26097.52579,12353.15597,85658.41346,101237.2916
PLPPR3,19887.21489,6776.818323,14303.33389,14804.68593,4688.358053,1414.272094
RPS8,19830.28399,36105.97631,23133.0773,13281.12861,42909.77854,42845.97818
OAZ1,19807.52546,24340.67354,17051.2678,17584.53396,19721.43912,17251.63238
NCL,19794.92682,37269.55758,22247.77208,17894.55205,34858.71611,76080.06322
PTN,19727.89032,6709.793849,6025.180181,4277.016009,9357.178251,1023.706911
SEPTIN11,19667.82702,31405.12419,16890.54845,15932.66193,31993.37082,8542.148674
HNRNPC,19620.70911,38718.89599,25133.58441,15346.08584,35109.68282,39541.12194
AP2M1,19619.14539,15708.16852,13939.59003,16477.77007,13557.07683,17313.07598
RPL7,19617.69751,35077.5007,20547.30593,12748.35927,36154.69249,25430.35556
MAPK8IP2,19568.91287,2888.128169,10933.38582,14734.80908,644.4733271,351.9884535
HECTD4,19541.56209,5455.743433,15262.64207,21550.16158,3402.039078,2832.444356
SYT7,19479.36078,3692.304393,13944.34546,26530.65227,960.3080349,750.3920053
EIF4EBP2,19465.9017,16460.94738,16776.16813,19122.59734,16737.09229,17203.68748
CACNG4,19452.4901,6602.009822,10767.18108,16484.13101,1699.761153,227.309474
JUP,19378.87388,8068.749818,10165.59796,11688.5074,7841.368855,7314.511688
DNAJA1,19298.48906,16889.24145,18214.61829,19782.13311,13681.62269,12675.22204
XRCC5,19296.73209,25893.3232,19442.45099,17509.95516,22224.45673,46048.99396
SAT1,19275.70675,4869.074585,7081.282204,5557.876526,5024.766102,1717.129942
ARL6IP1,19179.70415,20107.12657,20084.94741,24975.57586,18176.81459,9802.634183
EIF4G1,19047.66528,31637.56007,19245.62273,18745.86353,26717.5218,36740.60807
ANXA2,18942.87201,31294.28111,9241.735165,16592.57308,8349.847196,3467.101779
CELSR3,18924.61984,5880.264232,16862.95765,21295.64701,6387.710117,1844.728699
FLNB,18913.97558,40919.17279,9818.035858,9234.986149,23623.38444,10457.92994
MAGED2,18902.31433,18562.69551,17629.60991,21243.54605,17428.91688,9343.255753
ARPP19,18899.41554,15410.19124,16854.94514,18500.65053,13341.82782,14293.30127
DDX17,18884.39139,14114.47096,22568.13561,21123.61346,18883.97121,24718.9456
CAMKV,18870.61163,2548.722238,15018.66059,18481.05841,398.5736095,2378.715215
PGD,18839.36433,24949.14158,15774.50927,15847.70194,18029.76761,19689.47477
ARHGAP35,18772.88636,10873.52065,11838.34771,15277.08983,8201.277568,7042.138322
TRIO,18769.87766,21668.64365,11723.91242,18624.30614,13836.82275,4748.54859
SNRNP200,18767.22013,20716.16077,17061.24868,17097.59153,20255.20373,25803.53152
SLC38A2,18737.26471,22274.49243,18175.07854,21955.78605,18084.93285,33246.87699
RND2,18728.56996,6554.073121,14760.0011,11836.69334,4601.783051,3737.326061
PPP2R1A,18658.42251,16664.92311,15145.52164,15977.21533,15098.94106,19772.47223
SBK1,18624.85106,4957.720966,13764.33778,16448.98784,2682.174516,6657.396133
SARS1,18574.74281,13673.93124,13755.42735,17559.86921,6753.124069,5148.710996
HACD3,18520.44928,15956.68431,15176.94857,14281.10456,15608.03673,13906.08929
PKIA,18479.65292,3980.704049,12494.41817,17396.23085,924.3010561,1245.8845
SCARB2,18470.0735,8108.719074,12431.22542,18002.36843,7482.632553,3120.503482
NELL2,18417.97392,8810.401325,6482.001728,7532.088649,2268.430912,4417.709366
ATRNL1,18363.47113,2318.214689,6319.872162,4771.974952,487.7503895,662.5934596
REEP1,18310.07283,2191.696716,7366.285162,15891.30135,36.45794196,98.61035354
PRDX2,18253.55373,11125.31802,15637.66982,15412.68474,10269.43516,8777.69336
TNPO1,18207.16029,17854.16664,18390.01118,16441.09236,16211.54117,22192.17544
H1-10,18180.35467,15868.91221,17350.92864,13113.49964,13892.41346,8886.769163
SSBP3,18124.23638,7552.343425,16231.10166,17161.56265,5887.26942,5940.574946
ACVR2B,18104.51412,7336.212883,13313.45366,16672.9772,7738.685966,13856.92093
SYT4,18088.31104,3004.149591,19661.87438,35637.05801,1.639348252,121.1742938
ANKFY1,18060.63705,5063.163282,7142.762329,9879.853401,3804.184029,3732.681978
KPNB1,18001.95285,33568.92947,20200.45294,18586.84928,26475.73137,39864.94012
MAP4,17983.63361,26231.69889,14902.74218,18440.60849,20188.23966,13942.9398
GSK3B,17948.03145,8121.489511,13958.1944,18160.7696,6963.683677,5549.016061
CDS2,17873.59831,7331.961601,12745.86479,15845.24295,4719.409501,2930.584146
SARAF,17862.08749,8198.968649,12901.66255,18526.05175,6634.389824,5384.617508
ATP6AP2,17845.88934,8588.13472,7970.168666,9829.523936,7809.507874,8467.920458
MEX3A,17749.80878,10653.0652,14174.87802,15540.14119,10941.4536,4058.850165
KDM5B,17718.07582,10589.54331,14789.38022,15896.3341,13895.33299,20045.62407
JUND,17707.12625,18725.91846,19480.86681,16430.61369,13003.92062,4539.682898
MIDN,17651.9782,14894.20836,15263.09414,14791.08163,15728.26241,6368.416763
RPL9,17550.20203,24247.96657,15674.39613,10933.70793,24623.616,13435.02468
TRIM2,17443.18406,4626.17632,11962.66278,15923.56888,2908.212867,7349.491322
HMGA1,17426.96315,109410.4026,37303.19915,14496.15538,138020.0786,123047.2181
ELAVL2,17327.02658,3813.129308,8048.938369,10110.26465,572.0982657,1975.42074
ARID1B,17319.15906,6236.891512,9559.587948,10317.26705,4347.834768,5692.289484
NFASC,17254.94507,2821.359117,19954.7441,25949.83145,451.7360826,618.0577412
OGA,17227.10101,8229.180111,13706.88351,13884.2189,9076.63212,10470.52762
CACNA1H,17173.41275,5787.486929,9827.273831,10192.67716,5105.610667,1261.639982
VCP,17099.00343,29529.30939,19135.99495,17993.32327,26992.51045,28500.93887
SON,16960.57663,14498.09523,15117.33585,16521.14098,15981.4475,26005.89909
TPI1,16942.73383,22605.72128,15482.14997,14689.44106,24991.76708,32879.9004
SHC1,16925.68355,16109.26045,4438.874584,2713.686078,21574.67241,8973.263412
PTPRF,16917.52238,35588.21879,15865.66762,12000.8189,27165.42346,16659.4622
MARCHF6,16881.35913,7719.959366,12898.71709,16256.56646,7962.251749,7501.341667
FXYD6,16863.00985,6202.833563,8123.004288,11993.95684,3164.431064,1617.71058
MAPK8IP1,16797.93391,3778.285562,10017.61124,14484.24717,1156.225566,1419.69421
NFE2L1,16669.8013,19194.6605,13109.43199,17490.90766,14810.03233,9213.742929
SBF1,16640.76406,11453.21088,11213.77641,13097.58595,8748.977706,3979.688528
GABRB3,16580.06632,4726.566857,12910.18274,17469.24341,739.8461887,10200.46567
COTL1,16549.19585,44544.53681,13236.59736,9774.931788,22745.72575,6444.429125
RPS3,16542.32143,30456.10834,18631.44172,11787.63127,35937.28673,47779.80173
SCAMP5,16514.77083,3272.030802,15177.53479,20329.34326,812.9464861,1856.784388
FHL1,16478.88716,9348.926394,11936.27392,13339.98542,5673.01802,3498.287712
OLFM1,16466.85758,2882.905408,13743.77421,17765.52282,783.7836936,2167.931484
ATF4,16466.02016,31945.72951,14918.37223,15052.31601,14719.012,16108.10296
MDK,16408.0204,29144.09351,23990.93653,14206.14534,24167.03856,8809.993806
CDC42,16391.38165,14192.10822,13761.41377,15853.80217,11961.61574,4694.61483
TUG1,16382.37329,9816.82011,14049.00104,16350.87717,13186.21713,12510.38182
NIPSNAP1,16327.62105,9897.24155,14796.4636,15183.17715,11360.54354,9491.310897
RPS23,16311.07027,31674.31418,19452.74228,11508.42414,32456.74949,24438.3414
AZIN1,16300.12436,21263.48353,16070.20453,16148.70702,13245.97245,20755.1649
TOP2B,16245.57414,12968.02581,17764.99819,17072.79297,11406.10369,16331.1885
TSC22D1,16198.5821,7166.222147,14186.76081,17390.21213,6886.62624,6535.117257
RGMB,16166.6495,5609.357001,11295.08191,10506.77668,2819.782793,1055.737063
DCAF7,16135.51599,9154.632194,12724.44525,15767.12404,8843.581643,7344.949688
LIN28B,16094.14253,10529.60501,14970.25481,14698.74839,10579.58196,10338.00406
RPLP1,16091.80436,32552.1564,16653.2823,10916.23226,33905.8986,28162.02875
KHSRP,16060.01001,24299.88338,18378.95014,14216.65736,26636.75811,17965.17415
FBXW11,16053.13,5774.887207,6793.90041,9230.993372,4141.889758,2412.296377
PAK2,16049.24883,8882.162267,9850.95735,12681.30185,7124.627418,4871.105584
DYNC1I2,16039.97556,8420.207314,12270.82893,13942.41386,6843.010881,3955.191223
CXADR,16017.53597,6810.720769,12441.60412,14481.2442,9466.936826,17412.68677
NAP1L1,15990.98739,37662.34904,23899.57874,13910.46441,42500.11313,68986.68646
LARP1,15930.14858,15595.56788,13023.2613,15692.48978,15723.8891,22463.77788
RPL10,15920.29871,23787.5467,16531.68262,11185.18234,24563.51865,22070.16052
TMEM167A,15882.48642,9251.985665,12964.45073,14606.08498,8771.60238,11481.96991
RPS11,15866.72952,28432.98438,20261.0371,11619.92009,35470.17921,23147.61397
ATP9A,15858.74145,3218.788588,11790.1268,17850.001,1448.530461,861.595279
SPAG9,15829.63233,6784.451108,13643.54896,16126.47904,7027.292453,4286.405387
COX4I1,15820.52535,11037.86355,10662.25715,11031.18333,8608.988126,7335.588623
NTRK1,15783.63815,2128.910098,6442.920785,5864.463044,5.42100965,4.701460247
HNRNPA3,15753.45568,22958.58221,17980.62832,15456.4141,21637.65398,27668.78396
RAB6A,15734.34435,7887.59545,10872.33659,15435.41843,5710.503946,4656.670579
SLC25A3,15717.66042,18865.08052,13619.13257,13272.31915,17020.80347,20389.58546
TGFBR1,15656.15849,7258.290776,13086.43416,15234.86163,10116.473,5737.590998
SALL2,15629.57832,15538.60972,14946.64271,11949.63145,22440.946,20290.80987
SF3B1,15597.29552,15066.60821,17294.15359,19286.8597,17786.43287,24800.90897
KHDRBS1,15572.31457,19605.76903,17456.07549,13694.40543,19381.7856,19399.4366
DDX3X,15542.54795,19185.0862,18506.27134,15974.18803,18894.75325,27925.02596
SIPA1L2,15538.75372,8150.619557,7559.604253,8087.695048,5544.90237,1066.747675
ATP8A2,15536.94335,1765.41684,6514.978461,12705.77569,157.1514616,708.0091233
ABI2,15512.42568,10806.00932,11920.71312,13892.99897,11066.99024,11053.89482
PALM,15502.78194,4550.03782,11271.60075,12808.42611,3269.039127,360.7633954
ZC3H7B,15482.91587,15445.30992,10484.84664,12421.26535,10680.06177,3771.202279
FUS,15477.55018,21911.58919,17142.15574,15366.38212,19916.46663,15678.88177
FADS1,15474.24822,19264.19083,14920.88139,13224.19983,16303.74658,14536.85047
ARF3,15447.17586,14934.45011,12578.82894,15700.77109,14536.29973,11134.40636
SOGA1,15442.77387,6748.040923,11733.07828,15739.61469,6038.995133,2728.038305
PCDHGB6,15422.77729,4141.552562,12118.17886,15876.09268,3275.814691,413.2445042
SLC22A17,15391.12963,4485.317826,11251.65299,18761.01833,5147.08955,1458.925463
MAPK8,15371.07582,4514.18871,11645.66497,15546.83248,2813.878674,2856.918652
CNR1,15367.52314,1745.152217,14779.96778,17923.36316,8.993733626,33.04057273
STMN4,15332.80506,3034.427283,11879.38588,19698.35198,537.976737,8.594555014
NISCH,15331.36602,8483.215719,11709.56506,14221.34041,9138.388242,4668.965855
RPL37A,15313.50164,20015.33126,12843.33399,9942.650109,19167.51171,16484.52439
ZFTA,15309.47594,6476.416202,12056.71872,12106.13583,4686.866254,2108.397024
ELAVL4,15307.54181,2714.948459,14209.97713,25137.9969,12.98423637,16.92315613
TPM4,15264.34652,59287.19652,19693.52098,16707.67435,45579.76119,27077.41663
FYN,15219.37445,6702.651467,10965.97344,10918.85725,4540.689358,2215.304056
GABARAP,15216.27295,7300.776254,12624.87392,14199.44025,5982.393154,3466.094144
RPL19,15211.37055,35133.94407,19509.77006,11280.84698,37615.62125,32187.27526
KLF7,15195.65739,5265.942609,8544.893007,13522.80814,2631.500166,1072.531833
TSPYL4,15154.54599,5883.641182,11533.84807,14965.10509,3880.025525,1303.400459
YWHAH,15146.23069,11299.89352,10074.17513,12656.56638,9002.974766,10173.85967
DOCK3,15136.43808,2439.938363,3667.427156,6063.458988,1080.284042,870.2051787
RPL18A,15114.7907,23237.17693,14270.03779,10027.45304,26423.99658,20394.26156
NKAIN1,15092.95038,4534.521827,19047.80692,18172.33712,1903.519363,3654.637856
MTCH1,15085.94903,13721.59388,12460.68049,14906.29851,11611.8226,9624.750654
TAOK1,15082.10912,8983.957382,12802.3447,15182.52675,9371.649601,13033.87791
RPL26,15081.57702,26946.11255,17016.21455,8788.090373,25760.94335,19729.82288
CRIM1,14959.26589,15851.43876,13935.36945,12932.58183,5412.163663,1334.863564
NMNAT2,14940.75146,1969.9496,7645.818786,13786.45941,927.9708896,1073.373139
BAZ2A,14929.46963,9341.120913,13968.4329,17290.18987,11703.02431,8963.566653
NBEA,14908.4932,2922.527072,7698.379353,10932.60196,1685.041285,5467.249173
PNMA1,14907.82244,5761.654149,11497.65781,13190.39774,5503.752701,2496.092484
HK1,14894.3652,7777.763755,11200.82013,14705.53935,7945.37091,13961.24315
CDH2,14887.73143,30864.93374,12843.33741,10947.62812,16531.05616,2271.919133
UBR4,14886.19043,17818.86664,14018.75117,18865.01789,21357.15774,18641.70054
TXNIP,14827.75673,5659.430056,5723.925071,9779.210105,2082.182064,1697.49212
UNC13B,14826.41581,5327.388906,9713.840822,12566.16575,3635.28236,4039.649911
SMARCC1,14824.16762,18585.08346,13796.87328,12005.71375,20071.2107,32415.08534
ACTR2,14774.99998,14796.85798,14546.74939,16550.02806,14120.62102,11473.61795
TRIM28,14717.08287,36069.87663,19604.88451,13411.32394,37173.18154,52931.57101
SRP9,14714.97567,14708.85436,16582.77551,15578.97903,11504.31865,14965.27455
IDH1,14668.26874,8139.19874,12896.3251,13977.46972,7171.333265,19782.21868
SV2A,14662.77353,4784.23458,16859.82944,19694.61865,3640.060124,3256.754225
PLXNA1,14650.19175,22454.34588,26349.12072,23043.69134,24455.54409,6115.094342
VANGL2,14544.52192,10392.94134,13573.16744,15982.91141,11831.05134,5333.727194
ATF5,14542.7602,4370.439699,5712.328235,10239.279,1368.782058,606.1677019
RPL37,14523.05821,19314.07359,14629.69607,10881.0016,20858.13789,15538.21797
NEDD4L,14515.52127,4835.507757,9372.198381,11611.89784,3340.201343,5214.663023
SOX12,14493.44425,8274.896274,13026.8217,12508.52989,7107.438662,5655.20587
APC,14482.97927,3050.266373,9187.35524,13119.44585,1652.884092,3549.602486
RAD21,14480.66375,13558.39754,10454.59493,10360.94951,12879.41344,18119.40301
SMARCE1,14455.32176,9042.931995,13147.26668,13494.86716,8245.805647,8040.612463
DHX9,14447.61749,15249.80051,14466.29468,13871.69779,11978.36755,26174.79671
RPL18,14446.2664,18905.73276,13669.1278,9133.082096,21629.29369,19360.52516
POU4F2,14437.31346,2532.238045,1195.402986,492.3788281,0.136995688,1.074319377
CLASP1,14436.48685,6414.789235,9851.89123,12767.77933,5520.147791,5757.007561
OIP5-AS1,14413.23562,8500.228946,8334.781407,9255.64111,8049.643015,8335.448252
WDR82,14402.76318,8077.03591,11103.24216,15303.05755,6281.921271,5063.41354
ARF1,14396.72817,16392.80131,11855.48351,12478.73936,17988.98364,12847.77166
IGSF3,14368.04679,4032.030252,8526.162227,10927.21745,3369.58333,2667.260232
MEIS3,14357.41463,6251.759815,8849.947449,9953.323411,6795.281127,605.5477262
LOC728392,14354.33655,7609.379617,8158.300708,8163.299679,3417.760942,321.4875545
ABCA3,14322.64555,4213.430228,9874.10623,14090.39588,3154.692294,1214.26657
NACA,14303.90359,24417.09975,16636.47675,10846.49408,29773.59439,25243.38645
FKBP8,14244.19201,15710.03408,13680.57946,14588.49448,15656.52894,12951.0431
PGK1,14241.8593,16882.90219,11820.43302,13632.72463,20898.39335,48313.37502
CLIP3,14240.26651,4142.587485,10585.99632,13748.06975,4281.539121,976.8146924
HNRNPDL,14211.9168,12997.08576,16360.35899,14445.36895,11627.17937,17431.80937
GFRA1,14211.27409,16491.30891,17027.55537,16191.68325,1599.558575,91.69376607
DLK1,14210.54089,89788.98752,41197.63528,13219.34286,73580.18068,35.56840299
RPL14,14209.64369,23100.11535,14785.04832,11570.19258,23528.2059,20305.3079
NGRN,14201.46053,10231.79959,13433.67703,15625.78627,8187.053271,5541.013365
CORO1C,14195.37165,18387.07013,13674.85898,14346.07297,15847.17123,7410.417897
USP9X,14189.14519,12112.84767,15326.98131,13299.99322,13290.14414,60630.82256
MTSS1,14172.54825,2207.963348,4969.706423,6559.887234,829.7752368,283.2564507
CLSTN1,14156.89339,12129.52369,13715.85093,14734.42781,15593.15727,6641.223266
STON2,14146.32631,3656.557154,5041.99574,6869.588923,2540.849964,2033.508353
ENAH,14142.48666,20598.09054,13829.29928,13191.54042,17647.81343,27272.56656
PCBP1,14048.31983,16168.56406,14501.31221,12986.72683,17443.06217,25670.80684
SMARCA5,14010.46207,13111.34708,14778.56889,13151.17679,12518.66544,20988.42635
RPL32,14006.26074,22580.78763,14689.90658,10516.6466,23233.65521,20398.27705
FSTL1,14000.60801,93220.90035,22983.09576,8686.640483,126727.0264,20258.74974
GPC2,13943.26654,3550.45857,14584.67489,16579.96378,3303.692376,808.1407625
RUNDC3A,13909.05266,1946.831979,9020.94109,12437.77909,34.59026433,108.2837475
ARMCX3,13898.27057,5128.481795,10577.7721,14083.72309,3990.072158,1387.228667
ATP8A1,13879.80861,1667.843343,10212.47817,13197.0052,197.3193091,1427.199689
NAV1,13857.13981,9558.744117,13022.96906,17149.6817,9281.980404,5215.508224
ATF7IP,13852.94058,7325.19172,13589.22084,13982.57486,10130.56642,13504.52008
ADD1,13850.25998,12219.74565,11671.22458,12895.80469,10035.40105,6772.462596
DCLK1,13843.52918,2218.870906,10656.61145,16198.00279,1762.462698,3751.663222
ST13,13834.16111,16825.72096,12360.65235,11342.2592,17603.29499,14526.46814
DLG4,13810.10023,4079.165745,12442.71345,19279.1265,4259.677717,958.3728411
GNG3,13805.46603,1610.885914,8518.842845,10985.69209,70.1168777,148.5062542
RPS24,13786.80182,29281.40181,18144.02545,9666.301076,30426.69487,24682.74317
SYP,13773.337,2053.984972,13258.77826,27445.92522,39.42749969,244.7460848
GANAB,13767.77901,23619.88425,13121.46066,12512.45494,24882.90087,16415.12412
CTNNA2,13743.54425,3413.384635,8545.635911,12169.24598,1658.301697,441.8751692
APBB1,13728.17189,5525.100697,9585.760598,12121.51181,4008.376259,1270.514782
OS9,13702.13547,5961.506894,11537.90969,12812.87393,4362.126038,3416.007032
LDHB,13684.35462,36180.45319,15420.47644,13074.16381,34874.01423,55176.29412
KDM5C,13679.93476,11600.70105,13074.13417,14687.56627,14140.91685,5069.91605
GNAI2,13679.80582,15545.46544,13702.05303,10828.34363,13476.98519,11254.14963
RAB7A,13652.53402,9992.805015,11216.91506,13134.70884,8823.97837,6710.78725
RPS19,13645.35084,30157.57639,18148.36289,9940.546699,31935.28675,22083.09103
MYCBP2,13639.28806,3735.96462,11713.02909,17377.56451,2188.039217,4645.59796
TOMM20,13630.26932,11815.39797,11970.27099,13050.27853,11667.67833,16229.54568
RPS6,13602.95676,42402.70935,22393.7654,8468.144518,45818.35859,57155.71703
ADAR,13584.87097,8363.271853,9127.937733,11350.67216,8345.248388,11500.63004
SRP14,13549.92957,10326.49915,12113.53566,13084.16441,8387.002661,8204.587845
PBRM1,13523.93415,7175.535654,11535.90669,13118.91402,5716.726609,7957.034131